{
    "228186-1000002289000420": {
        "nu_energy": 5426.69189453125,
        "q2": 348648.25,
        "mom": 3623.46728515625,
        "ang": 7.723825454711914,
	"vtx_x": -502.2610168457031,
        "vtx_y": 98.92985534667969,
        "vtx_z": -628.9506225585938
    },
    "432157-4328000008":{
        "nu_energy": 8073.4951171875, 
        "q2": 853704.5,
        "mom": 5805.79541015625,
        "ang": 7.699087619781494,
        "vtx_x": 12.879985809326172,
        "vtx_y": 38.69221115112305,
        "vtx_z": -204.7554168701172
    },
    
    "514142-5146000080":{
        "nu_energy": 17161.53515625,
        "q2": 13847296.0,
        "mom": 4801.0185546875,
        "ang": 23.576934814453125,
        "vtx_x": -37.14729690551758,
        "vtx_y": 98.50193786621094,
        "vtx_z": -78.22611999511719	
    },
    "671105-6715000041":{
	"nu_energy": 6868.40380859375,
	"q2": 864069,
        "mom": 4500.66943359375,
        "ang": 9.556683540344238,
        "vtx_x": -63.18864440917969,
        "vtx_y": 55.71312713623047,
        "vtx_z": -83.67735290527344
    },
    "827128-8276000011":{
        "nu_energy": 36998.37890625,
        "q2": 8670528.0,
        "mom": 13321.0166015625,
        "ang": 7.621330738067627, 	
        "vtx_x": 27.5550479888916,
        "vtx_y": 57.82991027832031,
        "vtx_z": -73.84829711914062
    }
}
