{
    "290036-2902000002": {
        "nu_energy": 3251.215087890625,
        "q2": 274026.0,
        "mom": 3014.96875,
        "ang": 0.1664211004972458,
        "vtx_x": 17.043560028076172,
        "vtx_y": 83.4478988647461,
        "vtx_z": 64.78546905517578
    },
    "290072-2903000045": {
        "nu_energy": 4161.8017578125,
        "q2": 42357.125,
        "mom": 3075.14697265625,
        "ang": 0.05345476418733597,
        "vtx_x": 24.974130630493164,
        "vtx_y": -11.632567405700684,
        "vtx_z": 9.353665351867676
    },
    "697019-6970000065": {
        "nu_energy": 12641.958984375,
        "q2": 40869.40625,
        "mom": 11951.8720703125,
        "ang": 0.01809961535036564,
        "vtx_x": 34.43194580078125,
        "vtx_y": 76.55852508544922,
        "vtx_z": 5.320042133331299
    },
    "697091-6973000096": {
        "nu_energy": 8959.123046875,
        "q2": 1876048.0,
        "mom": 3158.6337890625,
        "ang": 0.25440695881843567,
        "vtx_x": 7.635348796844482,
        "vtx_y": 112.269287109375,
        "vtx_z": 5.795872688293457
    },
    "820083-8204000024": {
        "nu_energy": 2642.679931640625,
        "q2": 2004878.375,
        "mom": 1217.3232421875,
        "ang": 0.8089081048965454,
        "vtx_x": 32.218753814697266,
        "vtx_y": 117.1185531616211,
        "vtx_z": -32.659088134765625
    },
    "878134-8786000071": {
        "nu_energy": 4440.56884765625,
        "q2": 71922.9921875,
        "mom": 4397.6064453125,
        "ang": 0.0601787231862545,
        "vtx_x": 27.868885040283203,
        "vtx_y": 12.36827564239502,
        "vtx_z": -53.64336395263672
    },
    "761064-7613000002": {
        "nu_energy": 3974.751708984375,
        "q2": 863861.25,
        "mom": 3421.448486328125,
        "ang": 0.25272953510284424,
        "vtx_x": 21.55232810974121,
        "vtx_y": -11.32636547088623,
        "vtx_z": -28.940221786499023
    },
    "631092-6314000049": {
        "nu_energy": 8556.9638671875,
        "q2": 2264788.0,
        "mom": 2694.935302734375,
        "ang": 0.3126186728477478,
        "vtx_x": 51.05501174926758,
        "vtx_y": 16.135953903198242,
        "vtx_z": 5.143519878387451
    },
    "631150-6317000027": {
        "nu_energy": 11017.068359375,
        "q2": 627800.625,
        "mom": 10505.4873046875,
        "ang": 0.07227557897567749,
        "vtx_x": -37.435550689697266,
        "vtx_y": 109.04325103759766,
        "vtx_z": 49.231327056884766
    },
    "631188-6319000030": {
        "nu_energy": 12976.53125,
        "q2": 72395.8984375,
        "mom": 12907.423828125,
        "ang": 0.020250776782631874,
        "vtx_x": 37.28128433227539,
        "vtx_y": 87.97882843017578,
        "vtx_z": -64.89816284179688
    },
    "633099-6334000083": {
        "nu_energy": 12278.41796875,
        "q2": 5267486.0,
        "mom": 6672.11669921875,
        "ang": 0.2533109486103058,
        "vtx_x": -61.090213775634766,
        "vtx_y": 65.18489837646484,
        "vtx_z": 56.66994857788086
    },
    "809158-8098000027": {
        "nu_energy": 25252.583984375,
        "q2": 3308391.5,
        "mom": 23127.443359375,
        "ang": 0.07597623020410538,
        "vtx_x": -64.43358612060547,
        "vtx_y": -4.951419353485107,
        "vtx_z": -42.35017776489258
    },
    "342152-3427000016": {
        "nu_energy": 12201.20703125,
        "q2": 575717.625,
        "mom": 11954.59375,
        "ang": 0.06298922747373581,
        "vtx_x": -23.096820831298828,
        "vtx_y": 14.513870239257812,
        "vtx_z": 29.50229263305664
    },
    "223078-2234000018": {
        "nu_energy": 5251.97021484375,
        "q2": 232471.046875,
        "mom": 4837.17919921875,
        "ang": 0.09580202400684357,
        "vtx_x": -11.687389373779297,
        "vtx_y": 40.27923583984375,
        "vtx_z": -4.090278148651123
    },
    "962128-9626000081": {
        "nu_energy": 827.642578125,
        "q2": 213990.0,
        "mom": 635.1392211914062,
        "ang": 0.6446909308433533,
        "vtx_x": -32.47970199584961,
        "vtx_y": 38.816253662109375,
        "vtx_z": 60.198822021484375
    },
    "144041-1442000002": {
        "nu_energy": 16203.05078125,
        "q2": 7103.171875,
        "mom": 15724.7666015625,
        "ang": 0.004796606954187155,
        "vtx_x": -47.921669006347656,
        "vtx_y": 16.23169708251953,
        "vtx_z": 10.739602088928223
    },
    "821040-8212000004": {
        "nu_energy": 4948.59521484375,
        "q2": 167444.09375,
        "mom": 4488.3232421875,
        "ang": 0.08684872835874557,
        "vtx_x": 46.32049560546875,
        "vtx_y": 17.358354568481445,
        "vtx_z": 4.819613933563232
    },
    "842098-8424000082": {
        "nu_energy": 29055.861328125,
        "q2": 1755968.625,
        "mom": 27984.693359375,
        "ang": 0.04668939486145973,
        "vtx_x": -64.17369842529297,
        "vtx_y": 17.195878982543945,
        "vtx_z": 33.931495666503906
    },
    "275058-2752000062": {
        "nu_energy": 9210.6396484375,
        "q2": 1212894.5,
        "mom": 8284.0361328125,
        "ang": 0.1256706714630127,
        "vtx_x": -29.7419376373291,
        "vtx_y": 61.36888122558594,
        "vtx_z": 62.41836929321289
    },
    "940150-9407000080": {
        "nu_energy": 6158.5751953125,
        "q2": 188679.515625,
        "mom": 5999.53369140625,
        "ang": 0.06981876492500305,
        "vtx_x": 14.929547309875488,
        "vtx_y": 84.00123596191406,
        "vtx_z": -23.468339920043945
    },
    "758065-7583000010": {
        "nu_energy": 5106.22705078125,
        "q2": 628226.625,
        "mom": 4845.62548828125,
        "ang": 0.1589427888393402,
        "vtx_x": 28.674758911132812,
        "vtx_y": 44.24602127075195,
        "vtx_z": 47.7767333984375
    },
    "758139-7586000061": {
        "nu_energy": 2660.24951171875,
        "q2": 1247660.125,
        "mom": 1973.0494384765625,
        "ang": 0.4923197329044342,
        "vtx_x": 47.90046691894531,
        "vtx_y": 49.6213493347168,
        "vtx_z": -40.249778747558594
    },
    "720135-7206000050": {
        "nu_energy": 10898.291015625,
        "q2": 573355.25,
        "mom": 10580.435546875,
        "ang": 0.07045326381921768,
        "vtx_x": -61.42720413208008,
        "vtx_y": 30.359989166259766,
        "vtx_z": -32.049015045166016
    },
    "720154-7207000056": {
        "nu_energy": 16912.634765625,
        "q2": 49372.4609375,
        "mom": 16866.416015625,
        "ang": 0.012667195871472359,
        "vtx_x": 59.80333709716797,
        "vtx_y": 9.416433334350586,
        "vtx_z": 20.486616134643555
    },
    "154127-1545000055": {
        "nu_energy": 5349.3056640625,
        "q2": 410811.6875,
        "mom": 5164.76171875,
        "ang": 0.12226993590593338,
        "vtx_x": -26.878070831298828,
        "vtx_y": 2.9402761459350586,
        "vtx_z": -60.305450439453125
    },
    "324098-3245000005": {
        "nu_energy": 1929.03515625,
        "q2": 1179423.75,
        "mom": 269.7699279785156,
        "ang": 1.6402920484542847,
        "vtx_x": -9.66294002532959,
        "vtx_y": 112.04105377197266,
        "vtx_z": -18.124576568603516
    },
    "324172-3248000078": {
        "nu_energy": 4902.05029296875,
        "q2": 177693.4375,
        "mom": 4493.05615234375,
        "ang": 0.08871903270483017,
        "vtx_x": -37.02052307128906,
        "vtx_y": 94.28812408447266,
        "vtx_z": 33.801509857177734
    },
    "444032-4441000032": {
        "nu_energy": 10889.0556640625,
        "q2": 2528215.0,
        "mom": 9167.3740234375,
        "ang": 0.15914489328861237,
        "vtx_x": 13.771406173706055,
        "vtx_y": -3.6576027870178223,
        "vtx_z": -37.59322738647461
    },
    "444036-4441000059": {
        "nu_energy": 5142.455078125,
        "q2": 174687.4375,
        "mom": 5029.93896484375,
        "ang": 0.08225546032190323,
        "vtx_x": -28.546001434326172,
        "vtx_y": 24.792476654052734,
        "vtx_z": -7.666126251220703
    }
}